Nr. ,  Vorname  ,  Nachname  ,  Geburtsdatum  ,  Strasse  ,  Hausnummer  ,  PLZ  ,  Stadt  ,Geschlecht,  E-Mail 
1, Judith , Eckstein , 27.11.1955 , Baumberger Str., 111 ,6766, Bobbau ,weiblichudith.eckstein@ewe.de
2, Leo , Oppermann , 27.12.1956 , Am Grauen Stein, 197 ,69120, Heidelberg ,maennlich, l.oppermann@ewe.de
3, Marianne , Hilgers , 28.9.1935 , Drachterstr., 151 ,24247, Rodenbek ,weiblich, m.hilgers@ewe.de
4, Joern , Jaeckle , 16.2.1987 , Nerzweg, 187 ,25863, Langeness ,maennlich.jaeckle@ewe.de
5, Viktor , Sims , 22.11.1949 , Foersterstr., 102 ,94569, Stephansposching ,maennlich, viktor.sims@ewe.de
6, Teresa , Baehr , 1.10.1965 , Mondstr., 3 ,79618, Rheinfelden ,weiblich, teresa.baehr@ewe.de
7, Lucia , Born , 26.9.1949 , Kurze Str., 127 ,7381, Solkwitz ,weiblich, lucia.born@ewe.de
8, Ruth , Henderson , 10.8.1948 , Buenkamp, 132 ,83362, Surberg ,weiblich, r.henderson@ewe.de
9, Samira , Haffner , 20.7.1931 , Hogenbergstr., 156 ,70376, Stuttgart ,weiblich, s.haffner@ewe.de
10, Sebastian , Hall , 7.9.1968 , Hoelkenbusch, 103 ,72458, Ebingen ,maennlich, s.hall@ewe.de
11, Damian , Kugler , 24.2.1956 , Boettcherstr., 116 ,82538, Geretsried ,maennlich, d.kugler@ewe.de
12, Layla , Dittrich , 9.6.1951 , Flasskuhl, 86 ,55234, Hochborn ,weiblich, l.dittrich@ewe.de
13, Levin , Mucha , 27.11.1933 , Gescherweg, 123 ,38259, Salzgitter ,maennlich, levin.mucha@ewe.de
14, Barbara , May , 28.6.1971 , Eulenbergstr., 129 ,73568, Durlangen ,weiblich, barbara.may@ewe.de
15, Norbert , Krenz , 3.9.1939 , Hillscheider Weg, 23 ,23898, Klinkrade ,maennlichorbert.krenz@ewe.de
16, Alexa , Carr , 25.8.1950 , Teutonenstr., 173 ,66117, Saarbruecken ,weiblich, alexa.carr@ewe.de
17, Lorena , Nachtigall , 24.9.1946 , Hensenstr., 49a ,87743, Egg an der Guenz ,weiblich, l.nachtigall@ewe.de
18, Carolin , Simons , 20.4.1939 , Wiedehagen, 101 ,42283, Wuppertal ,weiblich, carolin.simons@ewe.de
19, Julius , Adolf , 26.11.1996 , Dodostr., 181 ,56291, Birkheim ,maennlich.adolf@ewe.de
20, Lynn , Gutzeit , 22.9.1984 , Am Dornbusch, 197 ,86863, Langenneufnach ,weiblich, l.gutzeit@ewe.de
21, Rebecca , Todd , 14.3.1976 , Immelmannstr., 40 ,89081, Ulm ,weiblich, r.todd@ewe.de
22, Josephine , Falkenstein , 8.12.1925 , Hermann-Treff-Weg, 160 ,24392, Ekenis ,weiblich.falkenstein@ewe.de
23, Gerd , Andrews , 2.6.1922 , Raesfeldstr., 194a ,77855, Achern ,maennlich, g.andrews@ewe.de
24, Silvia , Decker , 1.5.1950 , Merheimer Str., 71 ,1705, Freital ,weiblich, silvia.decker@ewe.de
25, Isabel , Reinsch , 10.7.1971 , Eifelstr., 19 ,18276, Muehl Rosin ,weiblich, isabel.reinsch@ewe.de
26, Patrik , Sauer , 9.12.1975 , Rottkamp, 69 ,39221, Boerdeland ,maennlich, patrik.sauer@ewe.de
27, Michael , Hirsch , 16.6.1934 , Horstmarer Landweg, 75 ,23730, Altenkrempe ,maennlich, michael.hirsch@ewe.de
28, Samantha , Fischer , 12.7.1954 , Marktstr., 141 ,66851, Linden ,weiblich, s.fischer@ewe.de
29, Anneliese , Richardson , 3.11.1931 , Oelbergstr., 34 ,98574, Schmalkalden ,weiblich, anneliese.richardson@ewe.de
30, Janis , Bachmann , 19.7.1986 , Landoisstr., 138 ,66663, Merzig ,maennlichnis.bachmann@ewe.de
31, Zoe , Leng , 24.10.1987 , Studtstr., 165 ,6844, Dessau ,weiblich, zoe.leng@ewe.de
32, Lars , Wessels , 8.11.1942 , Meinertzstr., 125 ,17087, Altentreptow ,maennlich, l.wessels@ewe.de
33, Lennart , Harvey , 4.2.1944 , Ostlandstr., 181 ,14715, Milower Land ,maennlich, lennart.harvey@ewe.de
34, Nora , Waten , 13.10.1930 , Berrischstr., 28 ,21514, Fitzen ,weiblichora.waten@ewe.de
35, Rike , Bartl , 5.1.1922 , Lassallestr., 141 ,67229, Laumersheim ,weiblich, rike.bartl@ewe.de
36, Leonard , Hit , 5.6.2000 , Eulenbergstr., 190 ,82294, Oberschweinbach ,maennlich, leonard.hit@ewe.de
37, Levin , Roy , 10.9.1969 , Tondernstr., 115 ,53937, Schleiden ,maennlich, levin.roy@ewe.de
38, Rudolph , Kasper , 1.9.1955 , Sentmaringer Weg, 80 ,63864, Glattbach ,maennlich, rudolph.kasper@ewe.de
39, Hildegard , Hertwig , 15.8.1946 , Meckmannweg, 114 ,91224, Pommelsbrunn ,weiblich, h.hertwig@ewe.de
40, Maren , Moeller , 6.11.1988 , Johann-Krane-Weg, 21 ,38272, Burgdorf ,weiblich, m.moeller@ewe.de
41, Thorben , Kaden , 7.10.1988 , Nienkamp, 175 ,74394, Hessigheim ,maennlich, thorben.kaden@ewe.de
42, Leander , Lachmann , 16.9.1996 , Offerkaempe, 42 ,24863, Boerm ,maennlich, l.lachmann@ewe.de
43, Sinah , Schweiger , 9.6.1999 , Gartenstr., 117 ,16775, Sonnenberg ,weiblich, sinah.schweiger@ewe.de
44, Rebekka , Nagl , 7.1.1960 , Altenhofer Weg, 190 ,66917, Biedershausen ,weiblich, r.nagl@ewe.de
45, Luk , Muehl , 17.4.1920 , Emdener Str., 91 ,37297, Berkatal ,maennlich, luk.muehl@ewe.de
46, Jens , Falkenberg , 23.3.1955 , Dreizehnerstr., 153 ,9128, Chemnitz ,maennlich.falkenberg@ewe.de
47, Eileen , Kanzler , 7.2.1924 , Werkstattstr., 85 ,44141, Dortmund ,weiblich, e.kanzler@ewe.de
48, Muhammed , Bahr , 14.7.1924 , Agrippastr., 39 ,24358, Huetten ,maennlich, muhammed.bahr@ewe.de
49, Phil , Schuett , 11.1.1937 , Kerssenbrockstr., 172 ,4720, Doebeln ,maennlich, phil.schuett@ewe.de
50, Marike , Kreuzer , 7.11.1982 , Arnheimweg, 89 ,24109, Kiel ,weiblich, marike.kreuzer@ewe.de
51, Wilfried , Heilmann , 27.10.1923 , Kappenberger Damm, 185 ,37619, Bodenwerder ,maennlich, w.heilmann@ewe.de
52, Rosemarie , Genz , 3.9.1982 , Schwalbenweg, 51 ,12167, Berlin ,weiblich, rosemarie.genz@ewe.de
53, Luk , Wilhelmi , 17.12.1981 , Friesenring, 67 ,56237, Alsbach ,maennlich, luk.wilhelmi@ewe.de
54, Jason , Eggert , 8.6.1958 , Am Nubbenberg, 72 ,57539, Breitscheidt ,maennlich.eggert@ewe.de
55, Malin , Webb , 8.7.1953 , Friedrich-Ebert-Str., 137 ,56357, Niederbachheim ,weiblich, malin.webb@ewe.de
56, Xenia , Kappler , 21.6.1985 , Buenkamp, 60 ,97464, Oberwerrn ,weiblich, xenia.kappler@ewe.de
57, Samuel , Adkins , 24.1.1938 , Soetenkamp, 192 ,37431, Bad Lauterberg ,maennlich, samuel.adkins@ewe.de
58, Silas , Schroeter , 16.5.1994 , Friedrichstr., 25 ,79359, Riegel am Kaiserstuhl ,maennlich, s.schroeter@ewe.de
59, Kristine , Wilde , 4.7.1937 , Horstmarer Landweg, 52 ,75038, Oberderdingen ,weiblich, kristine.wilde@ewe.de
60, Patrik , Gutzeit , 21.4.1954 , An den Weiden, 172 ,93352, Rohr ,maennlich, p.gutzeit@ewe.de
61, Nicholas , Feierabend , 25.5.1978 , Gustav-Tweer-Weg, 37 ,21516, Schulendorf ,maennlich.feierabend@ewe.de
62, Kimberley , Burghardt , 3.2.1932 , Dreilinden, 107 ,24975, Huerup ,weiblich, kimberley.burghardt@ewe.de
63, Florian , McKenzie , 4.12.1920 , Nienkamp, 177 ,4860, Zinna ,maennlich, florian.mckenzie@ewe.de
64, Marina , Siegler , 17.11.1925 , Altenhofer Weg, 103 ,76768, Berg ,weiblich, m.siegler@ewe.de
65, Maxim , Matthes , 24.3.1987 , Kurneystr., 136 ,21382, Brietlingen ,maennlich, maxim.matthes@ewe.de
66, Ruediger , Kayser , 20.7.1998 , Am Ziegelofen, 117 ,29479, Jameln ,maennlich, ruediger.kayser@ewe.de
67, Anika , Leber , 11.2.1958 , Olpener Str., 34 ,12459, Treptow-Koepenick ,weiblich, anika.leber@ewe.de
68, Heinrich , Herman , 1.5.1977 , Steinkamp, 10 ,38642, Goslar ,maennlich, heinrich.herman@ewe.de
69, Sophia , Kroll , 22.8.1954 , Max-Winkelmann-Str., 128 ,56479, Stein-Neukirch ,weiblich, s.kroll@ewe.de
70, Wilfried , Goertz , 8.12.1958 , Heroldstr., 144 ,88376, Koenigseggwald ,maennlich, w.goertz@ewe.de
71, Daniel , Bamberg , 18.11.1943 , Gescherweg, 199 ,54450, Freudenburg ,maennlich, daniel.bamberg@ewe.de
72, Norbert , Estrada , 8.12.1964 , Skagerrakstr., 197 ,83224, Staudach-Egerndach ,maennlich.estrada@ewe.de
73, Erik , Koerber , 17.5.1930 , Breslauer Str., 30 ,76149, Karlsruhe ,maennlich, e.koerber@ewe.de
74, Carlotta , Gutzeit , 16.11.1999 , Weserstr., 186 ,56291, Leiningen ,weiblich, c.gutzeit@ewe.de
75, Leo , Haefele , 6.9.1985 , Telgenweg, 73a ,25813, Suedermarsch ,maennlich, l.haefele@ewe.de
76, Henri , Ferguson , 23.7.1981 , Am Roemerhof, 6a ,31691, Helpsen ,maennlich, henri.ferguson@ewe.de
77, Cedric , Jaeger , 2.9.1925 , Gartenstr., 92 ,94554, Moos ,maennlich, cedric.jaeger@ewe.de
78, Heidi , Schauer , 24.9.1927 , Oelbergstr., 128 ,91625, Schnelldorf ,weiblich, h.schauer@ewe.de
79, Jennifer , Braun , 22.10.1999 , Am Grauen Stein, 34 ,55627, Weiler ,weiblich.braun@ewe.de
80, Stefanie , Zoellner , 4.7.1971 , Manfred-von-Richthofen-Str., 10 ,49777, Stavern ,weiblich, s.zoellner@ewe.de
81, Leah , Unger , 21.4.1948 , Widdeshover Weg, 195 ,76879, Bornheim ,weiblich, l.unger@ewe.de
82, Laila , Grothe , 9.4.1923 , Hoelkenbusch, 66 ,39264, Hohenlepte ,weiblich, l.grothe@ewe.de
83, Jeremie , Lauer , 18.12.1991 , Avendruper Str., 177 ,50767, Koeln ,maennlicheremie.lauer@ewe.de
84, Zoe , Seibold , 23.3.1987 , Simon-Meister-Str., 153 ,6766, Thalheim ,weiblich, zoe.seibold@ewe.de
85, Christa , Eckard , 12.6.1927 , Hindenburgplatz, 134 ,97264, Helmstadt ,weiblich, c.eckard@ewe.de
86, Mark , Schuh , 26.1.1985 , Mindener Str., 112 ,17033, Neubrandenburg ,maennlich, m.schuh@ewe.de
87, Nik , Sullivan , 12.1.1957 , Am Berler Kamp, 121 ,57638, Neitersen ,maennlichik.sullivan@ewe.de
88, Vivien , Kugler , 17.2.1994 , Am Bluetenhain, 82 ,57223, Kreuztal ,weiblich, v.kugler@ewe.de
89, Diana , Kappes , 15.12.1937 , Mecklenbecker Str., 46 ,34329, Nieste ,weiblich, diana.kappes@ewe.de
90, Johannes , Sigl , 8.2.1955 , Ulmenweg, 23 ,91741, Theilenhofen ,maennlichohannes.sigl@ewe.de
91, Manfred , Fiedler , 7.1.2000 , Zuelpicher Str., 110 ,67727, Lohnsfeld ,maennlich, manfred.fiedler@ewe.de
92, Maximilian , Aydin , 4.10.1988 , Salzmannstr., 195 ,94551, Hunding ,maennlich, m.aydin@ewe.de
93, Ian , Schueler , 20.6.1940 , Heroldstr., 132 ,56470, Bad Marienberg ,maennlich, i.schueler@ewe.de
94, Heike , Hans , 22.7.1952 , Hofstr., 162 ,97657, Sandberg ,weiblich, h.hans@ewe.de
95, Willi , Berthold , 16.5.1946 , Stettiner Str., 89 ,88356, Ostrach ,maennlich, w.berthold@ewe.de
96, Julien , Juergens , 2.10.1961 , Woerthstr., 60 ,73329, Kuchen ,maennlich.juergens@ewe.de
97, Quentin , Knoll , 8.1.1950 , Goldregenweg, 61 ,30451, Hannover ,maennlich, quentin.knoll@ewe.de
98, Ronja , Singh , 24.6.1989 , Von-der-Tinnen-Str., 134 ,6502, Weddersleben ,weiblich, ronja.singh@ewe.de
99, Tabea , Hartmann , 21.11.1974 , Hahnenstr., 86 ,86150, Augsburg ,weiblich, tabea.hartmann@ewe.de
100, Benjamin , Korte , 3.3.1947 , Dorotheenstr., 6 ,64397, Modautal ,maennlich, b.korte@ewe.de
